	summarized	lineages	abundances	resid	coverage
BA.1.10_50%_and_BA.2.5_50%_variants.tsv	[('Omicron', 0.9808845834589486)]	BA.1.10 BA.2.23 XAH XM BA.2.16 BA.2.85	0.46252347 0.43810996 0.03855113 0.03422592 0.00643299 0.00104112	5.027082371435721	98.22760258168077
BA.1.10_80%_and_BA.2.5_20%_variants.tsv	[('Omicron', 0.9772974577557899)]	BA.1.10 BA.2.23 XAH BA.2 XM	0.79305470 0.13892085 0.02596195 0.01150803 0.00785193	4.8007286401388	98.22760258168077
BA.1.10_90%_and_BA.2.5_10%_variants.tsv	[('Omicron', 0.9774495929158569)]	BA.1.10 BA.2.23 XAH XM	0.88998330 0.05276247 0.01945912 0.01524470	5.0438390036600325	98.22760258168077
BA.1.10_95%_and_BA.2.5_5%_variants.tsv	[('Omicron', 0.9762021078616447)]	BA.1.10 XM BA.2.23 XAH BA.2.16 BA.2 BA.2.17	0.94991168 0.00717362 0.00700157 0.00456790 0.00361352 0.00264681 0.00128700	4.7163068961435926	98.22425843560846
BA.1.10_98%_and_BA.2.5_2%_variants.tsv	[('Omicron', 0.9875270354869807)]	BA.1.10 BA.2 BA.2.23	0.98510237 0.00131934 0.00110533	4.810235741489397	98.22425843560846
