barcode,positions,base_prop
,2572,"[0.0, 0.4572649572649572, 0.0, 0.5427350427350427]"
,11461,"[0.0, 0.7543103448275862, 0.0, 0.2456896551724137]"
