	summarized	lineages	abundances	resid	coverage
SRR17951438	[('Omicron', 0.5985069295185178), ('Delta', 0.38676744682874936), ('Other', 0.0040110192852695434)]	BA.1.1 AY.46.1 BA.1.1.12 B.1.1.529 XS	0.58797310 0.38676745 0.00546260 0.00507123 0.00401102	7.7511522321200665	99.9966558539277
SRR17951439	[('Omicron', 0.7454763965739488), ('Delta', 0.21931631892179898), ('Other', 0.013964780904281241)]	BA.1 AY.103 AY.113 XD AY.46.1 AY.99.1 BA.1.14 BA.1.10	0.74326352 0.19072024 0.02113953 0.01396478 0.00492005 0.00253650 0.00117266 0.00104022	8.084092916438134	100.0
SRR18272228	[('Other', 0.9969139088543403)]	XS	0.99691391	22.36642269845677	99.9933117078554
SRR18272229	[('Other', 0.9999996701785921)]	XS	0.99999967	8.855954321594023	93.8701802494733
SRR18272230	[('Delta', 0.5573648997316718), ('Other', 0.23488336115264252), ('Omicron', 0.20695601482252352)]	AY.103 XS BA.1.1 B.1.1.529 XC AY.46.1 AY.91 AY.131 AY.44 AY.104 XP	0.53940313 0.21500890 0.12064226 0.08461902 0.01987447 0.00751879 0.00310248 0.00291545 0.00264563 0.00177942 0.00169474	13.192923384407322	99.9933117078554
