barcode,positions,base_prop
,28271,"[0.6331658291457286, 0.0, 0.0050251256281407, 0.3618090452261306]"
