barcode,positions,base_prop
,23040,"[0.2311597032409215, 0.0003904724716907, 0.7676688793440063, 0.0007809449433814]"
