barcode,positions,base_prop
,2198,"[0.2409638554216867, 0.0, 0.7538726333907056, 0.0051635111876075]"
,5736,"[0.0078125, 0.6421875, 0.0, 0.35]"
,23874,"[0.0, 0.7089337175792507, 0.0, 0.2910662824207493]"
,26709,"[0.2464788732394366, 0.0070422535211267, 0.7464788732394366, 0.0]"
,26767,"[0.0, 0.5751789976133651, 0.0, 0.4248210023866348]"
,27103,"[0.0089285714285714, 0.7589285714285714, 0.0, 0.2321428571428571]"
,27807,"[0.0, 0.3186813186813186, 0.0036630036630036, 0.6776556776556777]"
,27874,"[0.0, 0.6058091286307054, 0.0, 0.3941908713692946]"
