	summarized	lineages	abundances	resid	coverage
SRR18006915_variants.tsv	[('Delta', 0.9330966522629797), ('Omicron', 0.06691154110584442)]	AY.39.1.2 BA.1.17-like AY.79 AY.39.1.1 AY.78	0.91614303 0.06691154 0.00979355 0.00506892 0.00209115	9.76475175695851	96.25455639902351
SRR18006912_variants.tsv	[('Delta', 0.5036502894608937), ('Omicron', 0.46938789541176834), ('Other', 0.026962279178233572)]	AY.39.1.4 BA.1.17 B.1.1.529 B.1.1.291 B.1.1.398 B.1.1.448 B.1.1.83 B.1.1.61 B.1.1.367 B.1.1.438 B.1.1.399 B.1.1.127	0.50365029 0.44444371 0.02494419 0.00496271 0.00420162 0.00389860 0.00359089 0.00239800 0.00237518 0.00202016 0.00181158 0.00170355	12.4990861737489	99.47496906664882
SRR18006918_variants.tsv	[('Omicron', 0.5054236085898034), ('Delta', 0.4870140376611211), ('Other', 0.007563502207964392)]	BA.1.17 AY.39.1.2 B.1.1.529 AY.39.1.1 B.1.35 AY.1 B.1.81 XS	0.47494000 0.47425912 0.03048361 0.01015230 0.00353357 0.00260262 0.00240920 0.00162073	11.870385015152827	99.61876734775775
SRR18006925_variants.tsv	[('Delta', 0.7954017959046921), ('Omicron', 0.20181398082310448), ('Other', 0.002784091254709126)]	AY.39.1.4 BA.1.17 AY.44 B.1.545 AY.106 B.1.81	0.77907001 0.20181398 0.01468738 0.00175130 0.00164441 0.00103279	12.955272865617006	99.62211149383005
