barcode,positions,base_prop
,5437,"[0.0, 0.0, 0.313953488372093, 0.686046511627907]"
,10243,"[0.0, 0.3125, 0.0, 0.6875]"
,12049,"[0.0, 0.7777777777777778, 0.2222222222222222, 0.0]"
,12834,"[0.7538461538461538, 0.0, 0.2461538461538461, 0.0]"
,14874,"[0.0, 0.0, 0.75, 0.25]"
,17200,"[0.0, 0.4242424242424242, 0.0, 0.5757575757575758]"
,17746,"[0.0, 0.3265306122448979, 0.0, 0.673469387755102]"
,21618,"[0.0, 0.24, 0.0, 0.76]"
,21846,"[0.0, 0.5909090909090909, 0.0, 0.4090909090909091]"
,22599,"[0.0, 0.4838709677419355, 0.5161290322580645, 0.0]"
,23604,"[0.5897435897435898, 0.4102564102564102, 0.0, 0.0]"
,24424,"[0.3684210526315789, 0.0, 0.0, 0.631578947368421]"
,25614,"[0.0, 0.28125, 0.0, 0.71875]"
,26526,"[0.0, 0.0, 0.6666666666666666, 0.3333333333333333]"
,27459,"[0.0, 0.0, 0.2327044025157232, 0.7672955974842768]"
,27752,"[0.0, 0.2452830188679245, 0.0, 0.7547169811320755]"
,28086,"[0.0, 0.0, 0.2647058823529412, 0.7352941176470589]"
,28178,"[0.0, 0.0, 0.4675324675324675, 0.5324675324675324]"
,28461,"[0.2351351351351351, 0.0013513513513513, 0.7635135135135135, 0.0]"
