barcode,positions,base_prop
,11332,"[0.32, 0.0, 0.68, 0.0]"
,22899,"[0.0, 0.0, 0.3928571428571428, 0.6071428571428571]"
,22995,"[0.5384615384615384, 0.4615384615384615, 0.0, 0.0]"
,23604,"[0.0, 0.2272727272727272, 0.7727272727272727, 0.0]"
,25614,"[0.0, 0.2333333333333333, 0.0, 0.7666666666666667]"
,27459,"[0.0, 0.0, 0.5675675675675675, 0.4324324324324324]"
,28086,"[0.0, 0.0, 0.2272727272727272, 0.7727272727272727]"
,28461,"[0.4054054054054054, 0.0, 0.5945945945945946, 0.0]"
