Amplicon	AY.132	AY.63
5	0.9676113360323888	0.0323886639676112
7	0.983739837398374	0.016260162601625994
14	0.9839357429718876	0.016064257028112428
16	0.9836734693877552	0.01632653061224476
21	0.9836734693877552	0.01632653061224476
24	0.9958847736625516	0.00411522633744843
37	1.0	0.0
64	0.9918367346938776	0.008163265306122436
66	0.979591836734694	0.020408163265306034
86	0.9959349593495936	0.00406504065040636
93	0.9669421487603306	0.03305785123966942
97	0.9806763285024156	0.019323671497584405
