Amplicon	BA.1.10	XM
56	0.9836734693877552	0.01632653061224476
57	0.9836734693877552	0.01632653061224476
75	0.9694323144104804	0.03056768558951961
76	0.9831223628691984	0.016877637130801593
77	0.971311475409836	0.028688524590164022
80	0.9878542510121456	0.012145748987854366
81	0.9915254237288136	0.008474576271186418
82	0.9915254237288136	0.008474576271186418
88	0.9919028340080972	0.0080971659919028
