barcode,positions,base_prop
,4321,"[0.0149253731343283, 0.3134328358208955, 0.0, 0.6716417910447762]"
,5736,"[0.0, 0.6714285714285714, 0.0, 0.3285714285714285]"
,7472,"[0.2567567567567567, 0.0, 0.7432432432432432, 0.0]"
,13476,"[0.0461538461538461, 0.7384615384615385, 0.0, 0.2153846153846154]"
,18299,"[0.0, 0.5555555555555556, 0.0, 0.4444444444444444]"
,18304,"[0.0, 0.0, 0.5636363636363636, 0.4363636363636363]"
,20055,"[0.2413793103448276, 0.0, 0.735632183908046, 0.0229885057471264]"
,28311,"[0.0, 0.2394366197183098, 0.0, 0.7605633802816901]"
