barcode,positions,base_prop
,4321,"[0.0163934426229508, 0.2131147540983606, 0.0, 0.7704918032786885]"
,7472,"[0.2112676056338028, 0.0, 0.7887323943661971, 0.0]"
,13476,"[0.05, 0.7166666666666667, 0.0166666666666666, 0.2166666666666666]"
,18299,"[0.0, 0.5, 0.0, 0.5]"
,18304,"[0.0, 0.0, 0.6111111111111112, 0.3888888888888889]"
,28311,"[0.0, 0.2236842105263158, 0.0, 0.7763157894736842]"
