Amplicon	BA.2.62	BA.2
9	0.4615384615384615	0.5384615384615385
