barcode,positions,base_prop
,28253,"[0.0, 0.2181168057210965, 0.0, 0.7818831942789034]"
,28628,"[0.0, 0.0, 0.230635838150289, 0.769364161849711]"
,28975,"[0.0, 0.0, 0.2053571428571428, 0.7946428571428571]"
