barcode,positions,base_prop
,733,"[0.0, 0.5273311897106109, 0.0, 0.472668810289389]"
,3828,"[0.0048543689320388, 0.6796116504854369, 0.0, 0.3155339805825243]"
,3948,"[0.4239482200647249, 0.0032362459546925, 0.5728155339805825, 0.0]"
,4474,"[0.0, 0.0, 0.4285714285714285, 0.5714285714285714]"
,4586,"[0.0, 0.4213483146067415, 0.0, 0.5786516853932584]"
,5648,"[0.5932584269662922, 0.4022471910112359, 0.0, 0.0044943820224719]"
,6319,"[0.6, 0.0, 0.4, 0.0]"
,6613,"[0.5957943925233645, 0.0, 0.4042056074766355, 0.0]"
,7877,"[0.5934466019417476, 0.0012135922330097, 0.4029126213592233, 0.0024271844660194]"
,8425,"[0.5770975056689343, 0.0011337868480725, 0.0, 0.4217687074829932]"
,10870,"[0.0, 0.0, 0.6542553191489362, 0.3457446808510638]"
,11575,"[0.0, 0.6820809248554913, 0.0057803468208092, 0.3121387283236994]"
,12053,"[0.0, 0.5925925925925926, 0.0, 0.4074074074074074]"
,12778,"[0.0, 0.6225490196078431, 0.0, 0.3774509803921568]"
,13860,"[0.0, 0.594017094017094, 0.0, 0.405982905982906]"
,17259,"[0.0, 0.0, 0.717948717948718, 0.282051282051282]"
,21614,"[0.0029585798816568, 0.6242603550295858, 0.0, 0.3727810650887574]"
,21621,"[0.3925501432664756, 0.6045845272206304, 0.0028653295128939, 0.0]"
,21638,"[0.0077319587628865, 0.6262886597938144, 0.0, 0.3659793814432989]"
,21974,"[0.0, 0.0, 0.6568047337278107, 0.3431952662721893]"
,22132,"[0.0, 0.0030487804878048, 0.5792682926829268, 0.4176829268292683]"
,22468,"[0.0, 0.0, 0.459214501510574, 0.540785498489426]"
,22675,"[0.4281437125748503, 0.5658682634730539, 0.0, 0.0059880239520958]"
,22812,"[0.5912806539509536, 0.4087193460490463, 0.0, 0.0]"
,23593,"[0.0, 0.0013917884481558, 0.243562978427279, 0.7550452331245651]"
,25413,"[0.0012437810945273, 0.4154228855721393, 0.0, 0.5833333333333334]"
,25552,"[0.0, 0.00119189511323, 0.4052443384982122, 0.5935637663885578]"
,26149,"[0.000935453695042, 0.3507951356407858, 0.0018709073900841, 0.646398503274088]"
,28512,"[0.0, 0.2156862745098039, 0.7843137254901961, 0.0]"
,28705,"[0.0, 0.2447916666666666, 0.0052083333333333, 0.75]"
