Amplicon	AY.98.1	AY.98
18	0.5652173913043478	0.4347826086956522
64	1.0	0.0
65	1.0	0.0
74	0.8888888888888888	0.11111111111111116
94	0.84375	0.15625
