Amplicon	AY.98.1	B.1.1.529
2	1.0	0.0
14	1.0	0.0
18	0.6842105263157895	0.3157894736842105
21	1.0	0.0
24	0.6153846153846154	0.3846153846153846
30	1.0	0.0
37	0.7333333333333333	0.2666666666666667
54	1.0	0.0
55	1.0	0.0
64	0.95	0.050000000000000044
65	0.95	0.050000000000000044
75	0.0	1.0
76	1.0	0.0
78	0.0	1.0
79	0.0	1.0
80	0.0	1.0
81	0.0	1.0
82	0.0	1.0
89	1.0	0.0
93	1.0	0.0
94	1.0	0.0
96	1.0	0.0
97	1.0	0.0
98	0.96	0.040000000000000036
