Amplicon	AY.98.1	AY.98
18	0.6551724137931034	0.3448275862068966
64	1.0	0.0
65	1.0	0.0
94	0.95	0.050000000000000044
