Amplicon	AY.98.1	AY.98
18	0.6494845360824743	0.35051546391752575
64	1.0	0.0
65	1.0	0.0
94	0.9534883720930232	0.04651162790697683
