name	variant	aa	alt_ad	dp	aaf	mutation_label
ERR12411100	(526, 'G', 'T')	ORF1ab:E87D	24	24	1.0	Both
ERR12411100	(4181, 'G', 'T')	ORF1ab:A1306S	9	9	1.0	Both
ERR12411100	(5437, 'G', 'T')	ORF1ab:E1724D	13	23	0.5652173913043478	AY.98.1
ERR12411100	(6402, 'C', 'T')	ORF1ab:P2046L	20	20	1.0	Both
ERR12411100	(7124, 'C', 'T')	ORF1ab:P2287S	11	17	0.6470588235294118	Both
ERR12411100	(9053, 'G', 'T')	ORF1ab:V2930L	24	24	1.0	Both
ERR12411100	(10029, 'C', 'T')	ORF1ab:T3255I	14	16	0.875	Both
ERR12411100	(11201, 'A', 'G')	ORF1ab:T3646A	10	12	0.8333333333333334	Both
ERR12411100	(16466, 'C', 'T')	ORF1ab:H5401Y	10	10	1.0	Both
ERR12411100	(19524, 'C', 'T')	ORF1ab:S6420L	11	11	1.0	AY.98.1
ERR12411100	(21618, 'C', 'G')	S:T19R	12	15	0.8	Both
ERR12411100	(22314, 'C', 'T')	S:P251L	8	9	0.8888888888888888	AY.98.1
ERR12411100	(22917, 'T', 'G')	S:L452R	5	5	1.0	Both
ERR12411100	(22995, 'C', 'A')	S:T478K	7	9	0.7777777777777778	Both
ERR12411100	(23403, 'A', 'G')	S:D614G	12	12	1.0	Both
ERR12411100	(23604, 'C', 'G')	S:P681R	22	30	0.7333333333333333	Both
ERR12411100	(25469, 'C', 'T')	ORF3a:S26L	21	21	1.0	Both
ERR12411100	(26767, 'T', 'C')	M:I82T	25	25	1.0	Both
ERR12411100	(27638, 'T', 'C')	ORF7a:V82A	16	32	0.5	Both
ERR12411100	(27752, 'C', 'T')	ORF7a:T120I	11	13	0.8461538461538461	Both
ERR12411100	(27874, 'C', 'T')	ORF7b:T40I	18	18	1.0	Both
ERR12411100	(28086, 'G', 'T')	ORF8:A65S	27	32	0.84375	AY.98.1
ERR12411100	(28461, 'A', 'G')	N:D63G	62	69	0.8985507246376812	Both
ERR12411100	(28881, 'G', 'T')	N:R203M	48	48	1.0	Both
ERR12411100	(28916, 'G', 'T')	N:G215C	60	60	1.0	Both
ERR12411100	(29402, 'G', 'T')	N:D377Y	49	49	1.0	Both
