name	variant	aa	alt_ad	dp	aaf	mutation_label
EPI_ISL_2491781	(3828, 'C', 'T')	ORF1ab:S1188L	56	270	0.2074074074074074	P.1.1
EPI_ISL_2491781	(5648, 'A', 'C')	ORF1ab:K1795Q	0	0	0	P.1.1
EPI_ISL_2491781	(10667, 'T', 'G')	ORF1ab:L3468V	69	93	0.7419354838709677	P.2
EPI_ISL_2491781	(12053, 'C', 'T')	ORF1ab:L3930F	117	157	0.7452229299363057	P.2
EPI_ISL_2491781	(13851, 'T', 'C')	ORF1ab:V4529A	0	0	0	P.1.1
EPI_ISL_2491781	(13860, 'C', 'T')	ORF1ab:T4532I	19	137	0.1386861313868613	P.1.1
EPI_ISL_2491781	(17259, 'G', 'T')	ORF1ab:S5665I	31	145	0.21379310344827587	P.1.1
EPI_ISL_2491781	(21614, 'C', 'T')	S:L18F	49	177	0.2768361581920904	P.1.1
EPI_ISL_2491781	(21621, 'C', 'A')	S:T20N	50	174	0.28735632183908044	P.1.1
EPI_ISL_2491781	(21638, 'C', 'T')	S:P26S	45	165	0.2727272727272727	P.1.1
EPI_ISL_2491781	(21974, 'G', 'T')	S:D138Y	28	144	0.19444444444444445	P.1.1
EPI_ISL_2491781	(22132, 'G', 'T')	S:R190S	19	109	0.1743119266055046	P.1.1
EPI_ISL_2491781	(22812, 'A', 'C')	S:K417T	38	130	0.2923076923076923	P.1.1
EPI_ISL_2491781	(23012, 'G', 'A')	S:E484K	254	254	1.0	Both
EPI_ISL_2491781	(23063, 'A', 'T')	S:N501Y	98	290	0.33793103448275863	P.1.1
EPI_ISL_2491781	(23403, 'A', 'G')	S:D614G	141	141	1.0	Both
EPI_ISL_2491781	(23525, 'C', 'T')	S:H655Y	50	156	0.32051282051282054	P.1.1
EPI_ISL_2491781	(24642, 'C', 'T')	S:T1027I	22	56	0.39285714285714285	P.1.1
EPI_ISL_2491781	(25088, 'G', 'T')	S:V1176F	176	176	1.0	Both
EPI_ISL_2491781	(26149, 'T', 'C')	ORF3a:S253P	99	207	0.4782608695652174	P.1.1
EPI_ISL_2491781	(28167, 'G', 'A')	ORF8:E92K	70	170	0.4117647058823529	P.1.1
EPI_ISL_2491781	(28512, 'C', 'G')	N:P80R	115	221	0.5203619909502263	P.1.1
EPI_ISL_2491781	(28628, 'G', 'T')	N:A119S	75	179	0.41899441340782123	P.2
EPI_ISL_2491781	(28877, 'A', 'T')	N:S202C	94	172	0.5465116279069767	P.1.1
EPI_ISL_2491781	(28878, 'G', 'C')	N:S202T	94	172	0.5465116279069767	P.1.1
EPI_ISL_2491781	(28881, 'G', 'A')	N:R203K	151	151	1.0	Both
EPI_ISL_2491781	(28883, 'G', 'C')	N:G204R	152	152	1.0	Both
EPI_ISL_2491781	(28975, 'G', 'T')	N:M234I	80	174	0.45977011494252873	P.2
