name	variant	aa	alt_ad	dp	aaf	mutation_label
EPI_ISL_2661931	(3828, 'C', 'T')	ORF1ab:S1188L	160	262	0.6106870229007634	P.1.12
EPI_ISL_2661931	(5648, 'A', 'C')	ORF1ab:K1795Q	154	274	0.5620437956204379	P.1.12
EPI_ISL_2661931	(10667, 'T', 'G')	ORF1ab:L3468V	42	116	0.3620689655172414	P.2
EPI_ISL_2661931	(12053, 'C', 'T')	ORF1ab:L3930F	51	143	0.35664335664335667	P.2
EPI_ISL_2661931	(13860, 'C', 'T')	ORF1ab:T4532I	84	134	0.6268656716417911	P.1.12
EPI_ISL_2661931	(17259, 'G', 'T')	ORF1ab:S5665I	93	149	0.6241610738255033	P.1.12
EPI_ISL_2661931	(21614, 'C', 'T')	S:L18F	92	160	0.575	P.1.12
EPI_ISL_2661931	(21621, 'C', 'A')	S:T20N	91	161	0.5652173913043478	P.1.12
EPI_ISL_2661931	(21638, 'C', 'T')	S:P26S	94	160	0.5875	P.1.12
EPI_ISL_2661931	(21974, 'G', 'T')	S:D138Y	82	142	0.5774647887323944	P.1.12
EPI_ISL_2661931	(22132, 'G', 'T')	S:R190S	88	152	0.5789473684210527	P.1.12
EPI_ISL_2661931	(22812, 'A', 'C')	S:K417T	77	137	0.5620437956204379	P.1.12
EPI_ISL_2661931	(23012, 'G', 'A')	S:E484K	263	263	1.0	Both
EPI_ISL_2661931	(23063, 'A', 'T')	S:N501Y	184	306	0.6013071895424836	P.1.12
EPI_ISL_2661931	(23403, 'A', 'G')	S:D614G	152	153	0.9934640522875817	Both
EPI_ISL_2661931	(23525, 'C', 'T')	S:H655Y	90	166	0.5421686746987951	P.1.12
EPI_ISL_2661931	(24642, 'C', 'T')	S:T1027I	70	120	0.5833333333333334	P.1.12
EPI_ISL_2661931	(25088, 'G', 'T')	S:V1176F	172	172	1.0	Both
EPI_ISL_2661931	(26149, 'T', 'C')	ORF3a:S253P	110	190	0.5789473684210527	P.1.12
EPI_ISL_2661931	(28167, 'G', 'A')	ORF8:E92K	84	134	0.6268656716417911	P.1.12
EPI_ISL_2661931	(28512, 'C', 'G')	N:P80R	132	204	0.6470588235294118	P.1.12
EPI_ISL_2661931	(28628, 'G', 'T')	N:A119S	59	129	0.4573643410852713	P.2
EPI_ISL_2661931	(28877, 'A', 'T')	N:S202C	66	126	0.5238095238095238	P.1.12
EPI_ISL_2661931	(28878, 'G', 'C')	N:S202T	66	126	0.5238095238095238	P.1.12
EPI_ISL_2661931	(28881, 'G', 'A')	N:R203K	112	112	1.0	Both
EPI_ISL_2661931	(28883, 'G', 'C')	N:G204R	112	112	1.0	Both
EPI_ISL_2661931	(28975, 'G', 'T')	N:M234I	77	173	0.44508670520231214	P.2
