barcode,positions,base_prop
,25381,"[0.72, 0.28, 0.0, 0.0]"
,26767,"[0.0, 0.7388483373884833, 0.0, 0.2611516626115166]"
,27874,"[0.0, 0.5150943396226415, 0.0, 0.4849056603773585]"
