barcode,positions,base_prop
,410,"[0.0, 0.0, 0.7090691409757558, 0.2909308590242442]"
