	summarized	lineages	abundances	resid	coverage
ERR9975546_variants.tsv	[('Omicron', 0.9855527314983622)]	BA.1 BA.2.34 XZ BA.1.1 B.1.1.529 XM BA.2.23 XV BA.2.56 BA.2.52 XAQ BA.2.9.2 XJ	0.30423305 0.19306461 0.14728160 0.11716404 0.10023891 0.05452096 0.03575969 0.02500215 0.00311422 0.00188589 0.00120566 0.00105569 0.00102626	8.917367424077728	99.07367153797279
ERR9975576_variants.tsv	[('Omicron', 0.9990867171300004)]	XM	0.99908672	10.686074633457416	98.5352640203324
ERR9975554_variants.tsv	[('Other', 0.9868057028690695), ('Delta', 0.006271623389798053), ('Omicron', 0.0051507626384477345)]	XS XD AY.98 BA.1	0.86920799 0.11759771 0.00627162 0.00515076	35.297761861749926	99.70237099956526
ERR9975540_variants.tsv	[('Omicron', 0.6873148714664054), ('Delta', 0.2326175161916431), ('Other', 0.06908485857076387)]	BA.1.17 AY.43.8 AY.43 B.1.617 B.1.1.529 B.1 AY.113 B.1.143 B.1.137 B.1.67 B.1.70 B.1.78 B.1.543	0.65720787 0.15329846 0.07757193 0.04501296 0.03010700 0.01602432 0.00174713 0.00162602 0.00145014 0.00138504 0.00130593 0.00127957 0.00100087	10.46395879518249	99.79935123566197
ERR9975555_variants.tsv	[('Omicron', 0.9952838587615508)]	XM XAL	0.99407216 0.00121170	14.629866480745013	99.78931879744508
