Amplicon	BA.2.23	XT
2	0.06666666666666676	0.9333333333333332
3	0.06666666666666676	0.9333333333333332
33	0.7941176470588235	0.20588235294117652
91	0.8837209302325582	0.11627906976744184
98	0.8666666666666667	0.1333333333333333
99	0.8666666666666667	0.1333333333333333
