Amplicon	N.9	P.2
10	0.4201183431952662	0.5798816568047338
26	0.3076923076923077	0.6923076923076923
35	0.3589743589743589	0.6410256410256411
36	0.4054054054054054	0.5945945945945946
37	0.4054054054054054	0.5945945945945946
40	0.3945578231292517	0.6054421768707483
83	0.4154589371980676	0.5845410628019324
84	0.4154589371980676	0.5845410628019324
91	0.4300518134715025	0.5699481865284974
93	0.3403141361256545	0.6596858638743455
97	0.4210526315789473	0.5789473684210527
