Amplicon	B.1.1.28	P.1.12
13	0.3930635838150289	0.6069364161849711
19	0.381578947368421	0.618421052631579
46	0.38888888888888884	0.6111111111111112
57	0.36764705882352944	0.6323529411764706
71	0.360655737704918	0.639344262295082
72	0.360655737704918	0.639344262295082
73	0.43137254901960786	0.5686274509803921
76	0.5	0.5
77	0.7301587301587302	0.26984126984126977
82	0.38181818181818183	0.6181818181818182
87	0.0	1.0
94	0.3928571428571429	0.6071428571428571
95	0.41666666666666663	0.5833333333333334
