Amplicon	B.1.1.28	P.2
35	0.2272727272727273	0.7727272727272727
40	0.0	1.0
76	0.23376623376623373	0.7662337662337663
77	0.23376623376623373	0.7662337662337663
