name	variant	aa	alt_ad	dp	aaf	mutation_label
EPI_ISL_2661789	(10667, 'T', 'G')	ORF1ab:L3468V	68	88	0.7727272727272727	P.2
EPI_ISL_2661789	(12053, 'C', 'T')	ORF1ab:L3930F	99	99	1.0	P.2
EPI_ISL_2661789	(23012, 'G', 'A')	S:E484K	177	231	0.7662337662337663	P.2
EPI_ISL_2661789	(23403, 'A', 'G')	S:D614G	209	209	1.0	Both
EPI_ISL_2661789	(25088, 'G', 'T')	S:V1176F	200	200	1.0	Both
EPI_ISL_2661789	(28628, 'G', 'T')	N:A119S	115	157	0.732484076433121	P.2
EPI_ISL_2661789	(28881, 'G', 'A')	N:R203K	135	135	1.0	Both
EPI_ISL_2661789	(28883, 'G', 'C')	N:G204R	135	135	1.0	Both
EPI_ISL_2661789	(28975, 'G', 'T')	N:M234I	113	139	0.8129496402877698	P.2
