name	variant	aa	alt_ad	dp	aaf	mutation_label
EPI_ISL_1068258	(3828, 'C', 'T')	ORF1ab:S1188L	37	57	0.6491228070175439	P.1.1
EPI_ISL_1068258	(5648, 'A', 'C')	ORF1ab:K1795Q	86	138	0.6231884057971014	P.1.1
EPI_ISL_1068258	(13851, 'T', 'C')	ORF1ab:V4529A	0	0	0	P.1.1
EPI_ISL_1068258	(13860, 'C', 'T')	ORF1ab:T4532I	53	75	0.7066666666666667	P.1.1
EPI_ISL_1068258	(17259, 'G', 'T')	ORF1ab:S5665I	73	117	0.6239316239316239	P.1.1
EPI_ISL_1068258	(21614, 'C', 'T')	S:L18F	38	66	0.5757575757575758	P.1.1
EPI_ISL_1068258	(21621, 'C', 'A')	S:T20N	38	62	0.6129032258064516	P.1.1
EPI_ISL_1068258	(21638, 'C', 'T')	S:P26S	59	103	0.5728155339805825	P.1.1
EPI_ISL_1068258	(21974, 'G', 'T')	S:D138Y	32	56	0.5714285714285714	P.1.1
EPI_ISL_1068258	(22132, 'G', 'T')	S:R190S	15	35	0.42857142857142855	P.1.1
EPI_ISL_1068258	(22812, 'A', 'C')	S:K417T	66	102	0.6470588235294118	P.1.1
EPI_ISL_1068258	(23012, 'G', 'A')	S:E484K	71	109	0.6513761467889908	P.1.1
EPI_ISL_1068258	(23063, 'A', 'T')	S:N501Y	84	128	0.65625	P.1.1
EPI_ISL_1068258	(23403, 'A', 'G')	S:D614G	124	124	1.0	Both
EPI_ISL_1068258	(23525, 'C', 'T')	S:H655Y	104	150	0.6933333333333334	P.1.1
EPI_ISL_1068258	(24642, 'C', 'T')	S:T1027I	106	160	0.6625	P.1.1
EPI_ISL_1068258	(25088, 'G', 'T')	S:V1176F	160	160	1.0	P.1.1
EPI_ISL_1068258	(25912, 'G', 'T')	ORF3a:G174C	34	118	0.288135593220339	B.1.1.274
EPI_ISL_1068258	(26149, 'T', 'C')	ORF3a:S253P	150	151	0.9933774834437086	P.1.1
EPI_ISL_1068258	(28167, 'G', 'A')	ORF8:E92K	99	153	0.6470588235294118	P.1.1
EPI_ISL_1068258	(28512, 'C', 'G')	N:P80R	128	216	0.5925925925925926	P.1.1
EPI_ISL_1068258	(28877, 'A', 'T')	N:S202C	76	132	0.5757575757575758	P.1.1
EPI_ISL_1068258	(28878, 'G', 'C')	N:S202T	76	132	0.5757575757575758	P.1.1
EPI_ISL_1068258	(28881, 'G', 'A')	N:R203K	124	124	1.0	Both
EPI_ISL_1068258	(28883, 'G', 'C')	N:G204R	124	124	1.0	Both
