name	variant	aa	alt_ad	dp	aaf	mutation_label
EPI_ISL_2491769	(2879, 'G', 'A')	ORF1ab:A872T	71	169	0.42011834319526625	N.9
EPI_ISL_2491769	(7851, 'C', 'T')	ORF1ab:A2529V	64	208	0.3076923076923077	N.9
EPI_ISL_2491769	(10667, 'T', 'G')	ORF1ab:L3468V	100	156	0.6410256410256411	P.2
EPI_ISL_2491769	(11078, 'T', 'C')	ORF1ab:F3605L	75	185	0.40540540540540543	N.9
EPI_ISL_2491769	(12053, 'C', 'T')	ORF1ab:L3930F	89	147	0.6054421768707483	P.2
EPI_ISL_2491769	(23012, 'G', 'A')	S:E484K	288	288	1.0	Both
EPI_ISL_2491769	(23403, 'A', 'G')	S:D614G	174	174	1.0	Both
EPI_ISL_2491769	(25088, 'G', 'T')	S:V1176F	121	207	0.5845410628019324	P.2
EPI_ISL_2491769	(27299, 'T', 'C')	ORF6:I33T	83	193	0.43005181347150256	N.9
EPI_ISL_2491769	(27853, 'A', 'C')	ORF7b:E33A	65	191	0.3403141361256545	N.9
EPI_ISL_2491769	(28628, 'G', 'T')	N:A119S	86	154	0.5584415584415584	P.2
EPI_ISL_2491769	(28881, 'G', 'A')	N:R203K	131	131	1.0	Both
EPI_ISL_2491769	(28883, 'G', 'C')	N:G204R	129	129	1.0	Both
EPI_ISL_2491769	(28975, 'G', 'T')	N:M234I	79	139	0.5683453237410072	P.2
EPI_ISL_2491769	(29148, 'T', 'C')	N:I292T	64	152	0.42105263157894735	N.9
