name	variant	aa	alt_ad	dp	aaf	mutation_label
EPI_ISL_2645599	(3828, 'C', 'T')	ORF1ab:S1188L	56	158	0.35443037974683544	P.1.1
EPI_ISL_2645599	(5648, 'A', 'C')	ORF1ab:K1795Q	63	141	0.44680851063829785	P.1.1
EPI_ISL_2645599	(13851, 'T', 'C')	ORF1ab:V4529A	0	0	0	P.1.1
EPI_ISL_2645599	(13860, 'C', 'T')	ORF1ab:T4532I	44	104	0.4230769230769231	P.1.1
EPI_ISL_2645599	(17259, 'G', 'T')	ORF1ab:S5665I	46	132	0.3484848484848485	P.1.1
EPI_ISL_2645599	(21614, 'C', 'T')	S:L18F	37	113	0.3274336283185841	P.1.1
EPI_ISL_2645599	(21621, 'C', 'A')	S:T20N	33	105	0.3142857142857143	P.1.1
EPI_ISL_2645599	(21638, 'C', 'T')	S:P26S	31	101	0.3069306930693069	P.1.1
EPI_ISL_2645599	(21974, 'G', 'T')	S:D138Y	41	119	0.3445378151260504	P.1.1
EPI_ISL_2645599	(22132, 'G', 'T')	S:R190S	45	127	0.3543307086614173	P.1.1
EPI_ISL_2645599	(22812, 'A', 'C')	S:K417T	32	92	0.34782608695652173	P.1.1
EPI_ISL_2645599	(23012, 'G', 'A')	S:E484K	63	221	0.2850678733031674	P.1.1
EPI_ISL_2645599	(23063, 'A', 'T')	S:N501Y	47	219	0.2146118721461187	P.1.1
EPI_ISL_2645599	(23403, 'A', 'G')	S:D614G	177	177	1.0	Both
EPI_ISL_2645599	(23525, 'C', 'T')	S:H655Y	25	161	0.15527950310559005	P.1.1
EPI_ISL_2645599	(24642, 'C', 'T')	S:T1027I	15	71	0.2112676056338028	P.1.1
EPI_ISL_2645599	(25088, 'G', 'T')	S:V1176F	154	154	1.0	Both
EPI_ISL_2645599	(26149, 'T', 'C')	ORF3a:S253P	59	157	0.37579617834394907	P.1.1
EPI_ISL_2645599	(28167, 'G', 'A')	ORF8:E92K	31	171	0.18128654970760233	P.1.1
EPI_ISL_2645599	(28512, 'C', 'G')	N:P80R	52	62	0.8387096774193549	P.1.1
EPI_ISL_2645599	(28877, 'A', 'T')	N:S202C	34	52	0.6538461538461539	P.1.1
EPI_ISL_2645599	(28878, 'G', 'C')	N:S202T	34	52	0.6538461538461539	P.1.1
EPI_ISL_2645599	(28881, 'G', 'A')	N:R203K	44	44	1.0	Both
EPI_ISL_2645599	(28883, 'G', 'C')	N:G204R	44	44	1.0	Both
