name	variant	aa	alt_ad	dp	aaf	mutation_label
EPI_ISL_2777552	(3828, 'C', 'T')	ORF1ab:S1188L	105	173	0.6069364161849711	P.1.12
EPI_ISL_2777552	(5648, 'A', 'C')	ORF1ab:K1795Q	94	152	0.618421052631579	P.1.12
EPI_ISL_2777552	(13860, 'C', 'T')	ORF1ab:T4532I	88	144	0.6111111111111112	P.1.12
EPI_ISL_2777552	(17259, 'G', 'T')	ORF1ab:S5665I	86	136	0.6323529411764706	P.1.12
EPI_ISL_2777552	(21614, 'C', 'T')	S:L18F	39	61	0.639344262295082	P.1.12
EPI_ISL_2777552	(21621, 'C', 'A')	S:T20N	31	49	0.6326530612244898	P.1.12
EPI_ISL_2777552	(21638, 'C', 'T')	S:P26S	25	41	0.6097560975609756	P.1.12
EPI_ISL_2777552	(21974, 'G', 'T')	S:D138Y	29	51	0.5686274509803921	P.1.12
EPI_ISL_2777552	(22132, 'G', 'T')	S:R190S	0	0	0	P.1.12
EPI_ISL_2777552	(22812, 'A', 'C')	S:K417T	40	80	0.5	P.1.12
EPI_ISL_2777552	(23012, 'G', 'A')	S:E484K	15	63	0.23809523809523808	P.1.12
EPI_ISL_2777552	(23063, 'A', 'T')	S:N501Y	17	63	0.2698412698412698	P.1.12
EPI_ISL_2777552	(23403, 'A', 'G')	S:D614G	135	135	1.0	Both
EPI_ISL_2777552	(23525, 'C', 'T')	S:H655Y	82	124	0.6612903225806451	P.1.12
EPI_ISL_2777552	(24642, 'C', 'T')	S:T1027I	68	110	0.6181818181818182	P.1.12
EPI_ISL_2777552	(25088, 'G', 'T')	S:V1176F	181	181	1.0	Both
EPI_ISL_2777552	(26149, 'T', 'C')	ORF3a:S253P	121	121	1.0	P.1.12
EPI_ISL_2777552	(28167, 'G', 'A')	ORF8:E92K	102	168	0.6071428571428571	P.1.12
EPI_ISL_2777552	(28512, 'C', 'G')	N:P80R	98	168	0.5833333333333334	P.1.12
EPI_ISL_2777552	(28877, 'A', 'T')	N:S202C	24	44	0.5454545454545454	P.1.12
EPI_ISL_2777552	(28878, 'G', 'C')	N:S202T	24	44	0.5454545454545454	P.1.12
EPI_ISL_2777552	(28881, 'G', 'A')	N:R203K	32	32	1.0	Both
EPI_ISL_2777552	(28883, 'G', 'C')	N:G204R	31	31	1.0	Both
