Amplicon	BA.2.24	XAH
91	0.8461538461538461	0.15384615384615385
98	0.8571428571428571	0.1428571428571429
99	0.8571428571428571	0.1428571428571429
