barcode,positions,base_prop
,22786,"[0.2307692307692307, 0.7307692307692307, 0.0, 0.0384615384615384]"
,23040,"[0.24, 0.04, 0.6933333333333334, 0.0266666666666666]"
