barcode,positions,base_prop
,4321,"[0.0, 0.25, 0.0, 0.75]"
,22786,"[0.3548387096774194, 0.6451612903225806, 0.0, 0.0]"
,22792,"[0.0, 0.3529411764705882, 0.0, 0.6470588235294118]"
,22813,"[0.0, 0.0, 0.2972972972972973, 0.7027027027027027]"
,23040,"[0.3291139240506329, 0.0126582278481012, 0.6329113924050633, 0.0253164556962025]"
,27384,"[0.0116279069767441, 0.686046511627907, 0.0, 0.3023255813953488]"
,28311,"[0.0, 0.25, 0.0, 0.75]"
,28795,"[0.3026315789473684, 0.0, 0.6842105263157895, 0.0131578947368421]"
