barcode,positions,base_prop
,1684,"[0.0117647058823529, 0.7529411764705882, 0.0235294117647058, 0.2117647058823529]"
,27384,"[0.0123456790123456, 0.7160493827160493, 0.0246913580246913, 0.2469135802469135]"
