barcode,positions,base_prop
,28795,"[0.2307692307692307, 0.0, 0.7692307692307693, 0.0]"
