barcode,positions,base_prop
,23040,"[0.2096774193548387, 0.0161290322580645, 0.7419354838709677, 0.032258064516129]"
,28795,"[0.2027027027027027, 0.0, 0.7837837837837838, 0.0135135135135135]"
