barcode,positions,base_prop
,20055,"[0.2142857142857142, 0.0, 0.7857142857142857, 0.0]"
,22786,"[0.3214285714285714, 0.6071428571428571, 0.0357142857142857, 0.0357142857142857]"
,22792,"[0.0, 0.3225806451612903, 0.0, 0.6774193548387096]"
,23040,"[0.3478260869565217, 0.0289855072463768, 0.5362318840579711, 0.0869565217391304]"
,23055,"[0.2142857142857142, 0.0, 0.7714285714285715, 0.0142857142857142]"
,27384,"[0.0, 0.7564102564102564, 0.0128205128205128, 0.2307692307692307]"
