barcode,positions,base_prop
,27384,"[0.0, 0.75, 0.0238095238095238, 0.2261904761904762]"
,28795,"[0.2051282051282051, 0.0, 0.7948717948717948, 0.0]"
