barcode,positions,base_prop
,4321,"[0.0, 0.225, 0.0, 0.775]"
,20055,"[0.2156862745098039, 0.0, 0.7843137254901961, 0.0]"
,23040,"[0.2539682539682539, 0.0317460317460317, 0.7142857142857143, 0.0]"
,27384,"[0.0, 0.691358024691358, 0.0, 0.3086419753086419]"
,28795,"[0.273972602739726, 0.0, 0.7123287671232876, 0.0136986301369863]"
