barcode,positions,base_prop
,23040,"[0.2166666666666666, 0.0, 0.7666666666666667, 0.0166666666666666]"
,27384,"[0.0111111111111111, 0.7777777777777778, 0.0, 0.2111111111111111]"
