	summarized	lineages	abundances	resid	coverage
Coinfection_20%_variants.tsv	[('Omicron', 0.779999989922107), ('Delta', 0.17500000270008217), ('Other', 0.045000000709983064)]	BA.2.23 AY.2 BA.2.33 B.1.1.189 B.1.1.28 XAP B.1.173	0.74986899 0.17500000 0.02564100 0.02127660 0.02083330 0.00449000 0.00289010	7.245738908662134	98.53860816640471
Coinfection_10%_variants.tsv	[('Omicron', 0.8668727621086715), ('Delta', 0.09756101674219907), ('Other', 0.03508801504098347)]	BA.2.23 AY.2 B.1.1.189 BA.2.15 BA.2.40 XQ BA.2.43	0.77616551 0.09756102 0.03508802 0.03401797 0.03125000 0.02083330 0.00460599	7.21842240350463	98.54529645854932
Coinfection_2%_variants.tsv	[('Omicron', 0.9491525453634129), ('Other', 0.032664948279920024), ('Delta', 0.018181847761059904)]	BA.2.23 XT BA.2.61 B.1.134 BA.3 BA.2 AY.2 B.1.1.218 XQ B.1.323 B.1.617.2	0.85909473 0.03078574 0.02083308 0.01851849 0.01581998 0.01577402 0.01562506 0.01003103 0.00684499 0.00411544 0.00255679	4.969810506165573	98.54195231247701
Coinfection_5%_variants.tsv	[('Omicron', 0.9183662113267237), ('Delta', 0.0444439914590353), ('Other', 0.03718897354504111)]	BA.2.23 AY.2 BA.2.15 BA.2 B.1.1.435 B.1.1.285 BA.2.43 B.1.617.2	0.86944895 0.04255311 0.02362996 0.02181450 0.01960780 0.01758117 0.00347280 0.00189088	6.114051854510664	98.54195231247701
Coinfection_50%_variants.tsv	[('Omicron', 0.49999999688058444), ('Delta', 0.4393940000815985), ('Other', 0.06060599772838582)]	AY.2 BA.2.23 B.1.1.166 BA.2.9 BA.2.85 BA.2.38 BA.2 B.1.1.62	0.43939400 0.42826770 0.05263160 0.02631580 0.02127660 0.01470590 0.00943400 0.00797440	7.993950110651732	98.79276326789955
