barcode,positions,base_prop
,44,"[0.0, 0.7078651685393258, 0.0, 0.2921348314606741]"
