	summarized	lineages	abundances	resid	coverage
AY.132_50%_and_AY.63_50%_variants.tsv	[('Delta', 0.9819988805313128)]	AY.132 AY.63 AY.98 AY.92	0.49226000 0.48041800 0.00809036 0.00123052	5.6166017516771625	98.22425843560846
AY.132_80%_and_AY.63_20%_variants.tsv	[('Delta', 0.9809911589950948)]	AY.132 AY.63 AY.126	0.80171500 0.17815676 0.00111940	4.3399531928255906	98.22091428953617
AY.132_90%_and_AY.63_10%_variants.tsv	[('Delta', 0.9916846019461913)]	AY.132 AY.63 AY.58	0.90500241 0.08452850 0.00215369	3.610907781851368	98.22425843560846
AY.132_95%_and_AY.63_5%_variants.tsv	[('Delta', 0.9972421313006865)]	AY.132 AY.63	0.95966400 0.03757813	3.439120709624641	98.22425843560846
AY.132_98%_and_AY.63_2%_variants.tsv	[('Delta', 0.9974345302391189)]	AY.132 AY.63	0.98876000 0.00867453	3.19120603953394	98.22425843560846
