barcode,positions,base_prop
,27384,"[0.0, 0.7974683544303798, 0.0, 0.2025316455696202]"
,28795,"[0.3389830508474576, 0.0, 0.6440677966101694, 0.0169491525423728]"
