barcode,positions,base_prop
,4321,"[0.0, 0.2619047619047619, 0.0, 0.7380952380952381]"
,27384,"[0.0, 0.7710843373493976, 0.0, 0.2289156626506024]"
