barcode,positions,base_prop
,4321,"[0.0, 0.3548387096774194, 0.0, 0.6451612903225806]"
,20055,"[0.2203389830508474, 0.0338983050847457, 0.7288135593220338, 0.0169491525423728]"
,22786,"[0.25, 0.75, 0.0, 0.0]"
,27384,"[0.0, 0.7840909090909091, 0.0, 0.2159090909090909]"
,28311,"[0.0121951219512195, 0.2195121951219512, 0.0, 0.7682926829268293]"
,28795,"[0.3636363636363636, 0.0129870129870129, 0.6233766233766234, 0.0]"
