barcode,positions,base_prop
,4321,"[0.0, 0.3103448275862069, 0.0, 0.6896551724137931]"
,20055,"[0.2253521126760563, 0.0140845070422535, 0.7605633802816901, 0.0]"
,27384,"[0.0, 0.7528089887640449, 0.0, 0.247191011235955]"
,28795,"[0.3048780487804878, 0.0, 0.6951219512195121, 0.0]"
