barcode,positions,base_prop
,20055,"[0.2352941176470588, 0.0, 0.7450980392156863, 0.0196078431372549]"
,27384,"[0.0117647058823529, 0.7411764705882353, 0.0, 0.2470588235294117]"
,28311,"[0.0, 0.2337662337662337, 0.0, 0.7662337662337663]"
,28795,"[0.3692307692307692, 0.0, 0.6307692307692307, 0.0]"
