barcode,positions,base_prop
,4184,"[0.7631578947368421, 0.0, 0.2105263157894736, 0.0263157894736842]"
,4321,"[0.0, 0.4, 0.0, 0.6]"
,28311,"[0.0, 0.2063492063492063, 0.0, 0.7936507936507936]"
,28795,"[0.3111111111111111, 0.0, 0.6888888888888889, 0.0]"
