barcode,positions,base_prop
,4181,"[0.0, 0.0, 0.7962962962962963, 0.2037037037037037]"
,4184,"[0.7916666666666666, 0.0, 0.2083333333333333, 0.0]"
,4321,"[0.0, 0.3125, 0.0, 0.6875]"
,20055,"[0.3174603174603174, 0.0, 0.6507936507936508, 0.0317460317460317]"
,22792,"[0.0, 0.2222222222222222, 0.0, 0.7777777777777778]"
,28311,"[0.0144927536231884, 0.217391304347826, 0.0, 0.7681159420289855]"
,28795,"[0.3389830508474576, 0.0, 0.6610169491525424, 0.0]"
