barcode,positions,base_prop
,4321,"[0.0, 0.2307692307692307, 0.0, 0.7692307692307693]"
,28311,"[0.0125, 0.25, 0.0, 0.7375]"
,28795,"[0.25, 0.0138888888888888, 0.7361111111111112, 0.0]"
