barcode,positions,base_prop
,4321,"[0.0, 0.2926829268292683, 0.0, 0.7073170731707317]"
,20055,"[0.2419354838709677, 0.0, 0.7419354838709677, 0.0161290322580645]"
,28795,"[0.217391304347826, 0.0, 0.782608695652174, 0.0]"
