Amplicon	AY.132	AY.63
5	0.9836065573770492	0.016393442622950838
7	0.9833333333333332	0.01666666666666683
14	0.9920948616600792	0.007905138339920792
16	0.9838056680161944	0.0161943319838056
21	1.0	0.0
24	0.9879518072289156	0.012048192771084376
37	0.9919354838709676	0.008064516129032362
64	0.9832635983263598	0.01673640167364021
66	0.9757085020242916	0.024291497975708398
86	0.9919028340080972	0.0080971659919028
93	0.9673469387755104	0.03265306122448963
97	0.8921161825726142	0.10788381742738584
