barcode,positions,base_prop
,5437,"[0.0, 0.0, 0.202127659574468, 0.7978723404255319]"
,14408,"[0.0, 0.3095238095238095, 0.0, 0.6904761904761905]"
,21618,"[0.0, 0.3170731707317073, 0.6829268292682927, 0.0]"
,22995,"[0.6585365853658537, 0.3414634146341463, 0.0, 0.0]"
,23899,"[0.2068965517241379, 0.0, 0.0, 0.7931034482758621]"
,27459,"[0.0, 0.0, 0.287037037037037, 0.7129629629629629]"
