barcode,positions,base_prop
,5437,"[0.0, 0.0, 0.2432432432432432, 0.7567567567567568]"
,11332,"[0.24, 0.0, 0.72, 0.04]"
,15451,"[0.7333333333333333, 0.0, 0.2666666666666666, 0.0]"
,17746,"[0.0, 0.3076923076923077, 0.0, 0.6923076923076923]"
,23604,"[0.6363636363636364, 0.3636363636363636, 0.0, 0.0]"
,27752,"[0.0, 0.4090909090909091, 0.0, 0.5909090909090909]"
,28461,"[0.21875, 0.0, 0.78125, 0.0]"
