	summarized	lineages	abundances	resid	coverage
AY.107_50%_and_BA.2.3_50%_variants.tsv	[('Omicron', 0.7320682604719692), ('Delta', 0.2509427421512729)]	BA.2.3.9 AY.107 XM XAC BA.2.23 BA.2 BA.2.3 XV BA.2.3.21 XAT	0.34971093 0.25094274 0.12934212 0.08888584 0.06386250 0.05443324 0.03566400 0.00555710 0.00269438 0.00191816	16.56707545828435	99.19740494264789
AY.107_80%_and_BA.2.3_20%_variants.tsv	[('Delta', 0.5670422350046272), ('Omicron', 0.4162163320078995), ('Other', 0.0011997599999097057)]	AY.107 BA.2.3.9 B.1.1.529 BA.2 BA.2.23 XM XC	0.56704224 0.18055521 0.11705187 0.05454898 0.03699965 0.02706063 0.00119976	19.04894997774871	99.1940607965756
AY.107_90%_and_BA.2.3_10%_variants.tsv	[('Delta', 0.7783709700777389), ('Omicron', 0.2094871277375211)]	AY.107 B.1.1.529 BA.2.3.9 BA.2 BA.2.23 XM BA.2.3 BA.2.3.19 BA.2.29 BA.2.3.16 BA.2.23.1	0.77837097 0.07204123 0.06886224 0.02296731 0.02089169 0.01341395 0.00577890 0.00196850 0.00136364 0.00117925 0.00102041	17.619422163188467	99.187372504431
AY.107_95%_and_BA.2.3_5%_variants.tsv	[('Delta', 0.8886967249995833), ('Omicron', 0.10245070400696586)]	AY.107 B.1.1.529 BA.2.3.9 BA.2 BA.2.23 BA.2.3.6	0.88869672 0.04523621 0.03077809 0.01308116 0.01129763 0.00205761	14.20307667396953	99.12717787512959
AY.107_98%_and_BA.2.3_2%_variants.tsv	[('Delta', 0.974378805425643), ('Omicron', 0.013556110968475994)]	AY.107 B.1.1.529 BA.2.3.6 BA.2.3.9 BA.2.87	0.97437881 0.00742884 0.00317460 0.00195167 0.00100100	7.773723148637625	97.7059157944019
