Amplicon	AY.98.1	AY.98
18	0.6744186046511628	0.32558139534883723
64	0.9583333333333334	0.04166666666666663
65	0.9583333333333334	0.04166666666666663
74	0.9523809523809524	0.04761904761904756
94	0.9636363636363636	0.036363636363636376
