Amplicon	AY.98.1	B.1.1.449
2	1.0	0.0
14	1.0	0.0
18	0.6	0.4
21	1.0	0.0
24	0.8	0.19999999999999996
30	1.0	0.0
33	0.7333333333333333	0.2666666666666667
37	0.5	0.5
54	1.0	0.0
55	1.0	0.0
64	1.0	0.0
65	1.0	0.0
76	1.0	0.0
77	1.0	0.0
78	0.0	1.0
89	1.0	0.0
93	1.0	0.0
94	1.0	0.0
95	0.8846153846153846	0.11538461538461542
96	1.0	0.0
97	1.0	0.0
