Amplicon	AY.98.1	AY.98
18	0.6129032258064516	0.3870967741935484
64	1.0	0.0
65	1.0	0.0
94	1.0	0.0
