Amplicon	AY.98.1	B.1.1.529
2	0.7777777777777778	0.2222222222222222
14	1.0	0.0
18	0.6666666666666666	0.33333333333333337
21	0.9090909090909092	0.09090909090909083
24	0.6923076923076923	0.3076923076923077
30	1.0	0.0
37	0.6666666666666666	0.33333333333333337
54	1.0	0.0
55	1.0	0.0
64	1.0	0.0
65	1.0	0.0
75	0.0	1.0
76	1.0	0.0
78	0.0	1.0
79	0.0	1.0
80	0.33333333333333337	0.6666666666666666
81	0.0	1.0
82	0.0	1.0
89	1.0	0.0
93	1.0	0.0
94	1.0	0.0
96	1.0	0.0
97	1.0	0.0
98	1.0	0.0
