name	variant	aa	alt_ad	dp	aaf	mutation_label
ERR12411101	(526, 'G', 'T')	ORF1ab:E87D	41	41	1.0	AY.98.1
ERR12411101	(4181, 'G', 'T')	ORF1ab:A1306S	12	12	1.0	AY.98.1
ERR12411101	(5437, 'G', 'T')	ORF1ab:E1724D	29	53	0.5471698113207547	AY.98.1
ERR12411101	(6402, 'C', 'T')	ORF1ab:P2046L	22	22	1.0	AY.98.1
ERR12411101	(7124, 'C', 'T')	ORF1ab:P2287S	13	22	0.5909090909090909	AY.98.1
ERR12411101	(9053, 'G', 'T')	ORF1ab:V2930L	31	31	1.0	AY.98.1
ERR12411101	(10029, 'C', 'T')	ORF1ab:T3255I	13	17	0.7647058823529411	AY.98.1
ERR12411101	(11201, 'A', 'G')	ORF1ab:T3646A	12	19	0.631578947368421	AY.98.1
ERR12411101	(16466, 'C', 'T')	ORF1ab:H5401Y	11	11	1.0	AY.98.1
ERR12411101	(19524, 'C', 'T')	ORF1ab:S6420L	19	19	1.0	AY.98.1
ERR12411101	(21618, 'C', 'G')	S:T19R	12	14	0.8571428571428571	AY.98.1
ERR12411101	(22314, 'C', 'T')	S:P251L	10	12	0.8333333333333334	AY.98.1
ERR12411101	(22917, 'T', 'G')	S:L452R	10	10	1.0	Both
ERR12411101	(22995, 'C', 'A')	S:T478K	10	14	0.7142857142857143	AY.98.1
ERR12411101	(23012, 'G', 'C')	S:E484Q	0	0	0	B.1.617
ERR12411101	(23403, 'A', 'G')	S:D614G	18	18	1.0	Both
ERR12411101	(23604, 'C', 'G')	S:P681R	27	49	0.5510204081632653	Both
ERR12411101	(25469, 'C', 'T')	ORF3a:S26L	17	17	1.0	Both
ERR12411101	(26767, 'T', 'C')	M:I82T	27	27	1.0	AY.98.1
ERR12411101	(27638, 'T', 'C')	ORF7a:V82A	17	39	0.4358974358974359	Both
ERR12411101	(27752, 'C', 'T')	ORF7a:T120I	12	16	0.75	AY.98.1
ERR12411101	(27874, 'C', 'T')	ORF7b:T40I	20	20	1.0	AY.98.1
ERR12411101	(28086, 'G', 'T')	ORF8:A65S	34	36	0.9444444444444444	AY.98.1
ERR12411101	(28461, 'A', 'G')	N:D63G	64	72	0.8888888888888888	AY.98.1
ERR12411101	(28881, 'G', 'T')	N:R203M	37	37	1.0	Both
ERR12411101	(28916, 'G', 'T')	N:G215C	59	59	1.0	AY.98.1
ERR12411101	(29402, 'G', 'T')	N:D377Y	48	52	0.9230769230769231	Both
