name	variant	aa	alt_ad	dp	aaf	mutation_label
ERR12411097	(526, 'G', 'T')	ORF1ab:E87D	12	12	1.0	AY.98.1
ERR12411097	(4181, 'G', 'T')	ORF1ab:A1306S	10	10	1.0	AY.98.1
ERR12411097	(5437, 'G', 'T')	ORF1ab:E1724D	9	15	0.6	AY.98.1
ERR12411097	(6402, 'C', 'T')	ORF1ab:P2046L	9	9	1.0	AY.98.1
ERR12411097	(7124, 'C', 'T')	ORF1ab:P2287S	8	10	0.8	AY.98.1
ERR12411097	(9053, 'G', 'T')	ORF1ab:V2930L	16	16	1.0	AY.98.1
ERR12411097	(10029, 'C', 'T')	ORF1ab:T3255I	11	15	0.7333333333333333	AY.98.1
ERR12411097	(11201, 'A', 'G')	ORF1ab:T3646A	3	6	0.5	AY.98.1
ERR12411097	(16466, 'C', 'T')	ORF1ab:H5401Y	5	5	1.0	AY.98.1
ERR12411097	(19524, 'C', 'T')	ORF1ab:S6420L	5	5	1.0	AY.98.1
ERR12411097	(21618, 'C', 'G')	S:T19R	0	0	0	AY.98.1
ERR12411097	(22101, 'A', 'G')	S:E180G	0	0	0	B.1.1.449
ERR12411097	(22314, 'C', 'T')	S:P251L	0	0	0	AY.98.1
ERR12411097	(22917, 'T', 'G')	S:L452R	4	4	1.0	AY.98.1
ERR12411097	(22995, 'C', 'A')	S:T478K	8	8	1.0	AY.98.1
ERR12411097	(23403, 'A', 'G')	S:D614G	6	6	1.0	Both
ERR12411097	(23604, 'C', 'G')	S:P681R	0	0	0	AY.98.1
ERR12411097	(25469, 'C', 'T')	ORF3a:S26L	0	0	0	AY.98.1
ERR12411097	(26767, 'T', 'C')	M:I82T	6	6	1.0	AY.98.1
ERR12411097	(27638, 'T', 'C')	ORF7a:V82A	0	0	0	AY.98.1
ERR12411097	(27752, 'C', 'T')	ORF7a:T120I	8	11	0.7272727272727273	AY.98.1
ERR12411097	(27874, 'C', 'T')	ORF7b:T40I	7	7	1.0	AY.98.1
ERR12411097	(28086, 'G', 'T')	ORF8:A65S	11	11	1.0	AY.98.1
ERR12411097	(28461, 'A', 'G')	N:D63G	23	26	0.8846153846153846	AY.98.1
ERR12411097	(28881, 'G', 'T')	N:R203M	6	6	1.0	AY.98.1
ERR12411097	(28881, 'G', 'A')	N:R203K	0	0	0	B.1.1.449
ERR12411097	(28883, 'G', 'C')	N:G204R	0	0	0	B.1.1.449
ERR12411097	(28916, 'G', 'T')	N:G215C	13	13	1.0	AY.98.1
ERR12411097	(29402, 'G', 'T')	N:D377Y	14	14	1.0	Both
ERR12411097	(29421, 'C', 'T')	N:P383L	0	0	0	B.1.1.449
