name	variant	aa	alt_ad	dp	aaf	mutation_label
ERR12411099	(526, 'G', 'T')	ORF1ab:E87D	38	38	1.0	Both
ERR12411099	(4181, 'G', 'T')	ORF1ab:A1306S	16	17	0.9411764705882353	Both
ERR12411099	(5437, 'G', 'T')	ORF1ab:E1724D	19	31	0.6129032258064516	AY.98.1
ERR12411099	(6402, 'C', 'T')	ORF1ab:P2046L	12	13	0.9230769230769231	Both
ERR12411099	(7124, 'C', 'T')	ORF1ab:P2287S	10	11	0.9090909090909091	Both
ERR12411099	(9053, 'G', 'T')	ORF1ab:V2930L	19	19	1.0	Both
ERR12411099	(10029, 'C', 'T')	ORF1ab:T3255I	20	25	0.8	Both
ERR12411099	(11201, 'A', 'G')	ORF1ab:T3646A	8	11	0.7272727272727273	Both
ERR12411099	(16466, 'C', 'T')	ORF1ab:H5401Y	5	5	1.0	Both
ERR12411099	(19524, 'C', 'T')	ORF1ab:S6420L	12	12	1.0	AY.98.1
ERR12411099	(21618, 'C', 'G')	S:T19R	0	0	0	Both
ERR12411099	(22314, 'C', 'T')	S:P251L	0	0	0	AY.98.1
ERR12411099	(22917, 'T', 'G')	S:L452R	6	6	1.0	Both
ERR12411099	(22995, 'C', 'A')	S:T478K	11	11	1.0	Both
ERR12411099	(23403, 'A', 'G')	S:D614G	8	8	1.0	Both
ERR12411099	(23604, 'C', 'G')	S:P681R	0	0	0	Both
ERR12411099	(25469, 'C', 'T')	ORF3a:S26L	0	0	0	Both
ERR12411099	(26767, 'T', 'C')	M:I82T	41	41	1.0	Both
ERR12411099	(27638, 'T', 'C')	ORF7a:V82A	0	0	0	Both
ERR12411099	(27752, 'C', 'T')	ORF7a:T120I	15	19	0.7894736842105263	Both
ERR12411099	(27874, 'C', 'T')	ORF7b:T40I	35	35	1.0	Both
ERR12411099	(28086, 'G', 'T')	ORF8:A65S	30	30	1.0	AY.98.1
ERR12411099	(28461, 'A', 'G')	N:D63G	116	136	0.8529411764705882	Both
ERR12411099	(28881, 'G', 'T')	N:R203M	47	47	1.0	Both
ERR12411099	(28916, 'G', 'T')	N:G215C	79	80	0.9875	Both
ERR12411099	(29402, 'G', 'T')	N:D377Y	124	125	0.992	Both
