name	variant	aa	alt_ad	dp	aaf	mutation_label
ERR12411095	(526, 'G', 'T')	ORF1ab:E87D	118	119	0.9915966386554622	Both
ERR12411095	(4181, 'G', 'T')	ORF1ab:A1306S	39	39	1.0	Both
ERR12411095	(5437, 'G', 'T')	ORF1ab:E1724D	63	97	0.6494845360824743	AY.98.1
ERR12411095	(6402, 'C', 'T')	ORF1ab:P2046L	62	63	0.9841269841269841	Both
ERR12411095	(7124, 'C', 'T')	ORF1ab:P2287S	33	43	0.7674418604651163	Both
ERR12411095	(9053, 'G', 'T')	ORF1ab:V2930L	133	133	1.0	Both
ERR12411095	(10029, 'C', 'T')	ORF1ab:T3255I	79	93	0.8494623655913979	Both
ERR12411095	(11201, 'A', 'G')	ORF1ab:T3646A	41	53	0.7735849056603774	Both
ERR12411095	(16466, 'C', 'T')	ORF1ab:H5401Y	23	23	1.0	Both
ERR12411095	(19524, 'C', 'T')	ORF1ab:S6420L	45	45	1.0	AY.98.1
ERR12411095	(21618, 'C', 'G')	S:T19R	0	0	0	Both
ERR12411095	(22314, 'C', 'T')	S:P251L	0	0	0	AY.98.1
ERR12411095	(22917, 'T', 'G')	S:L452R	33	33	1.0	Both
ERR12411095	(22995, 'C', 'A')	S:T478K	33	34	0.9705882352941176	Both
ERR12411095	(23403, 'A', 'G')	S:D614G	45	46	0.9782608695652174	Both
ERR12411095	(23604, 'C', 'G')	S:P681R	0	0	0	Both
ERR12411095	(25469, 'C', 'T')	ORF3a:S26L	0	0	0	Both
ERR12411095	(26767, 'T', 'C')	M:I82T	51	51	1.0	Both
ERR12411095	(27638, 'T', 'C')	ORF7a:V82A	0	0	0	Both
ERR12411095	(27752, 'C', 'T')	ORF7a:T120I	43	61	0.7049180327868853	Both
ERR12411095	(27874, 'C', 'T')	ORF7b:T40I	49	49	1.0	Both
ERR12411095	(28086, 'G', 'T')	ORF8:A65S	82	86	0.9534883720930233	AY.98.1
ERR12411095	(28461, 'A', 'G')	N:D63G	93	99	0.9393939393939394	Both
ERR12411095	(28881, 'G', 'T')	N:R203M	73	73	1.0	Both
ERR12411095	(28916, 'G', 'T')	N:G215C	133	135	0.9851851851851852	Both
ERR12411095	(29402, 'G', 'T')	N:D377Y	82	83	0.9879518072289156	Both
