name	variant	aa	alt_ad	dp	aaf	mutation_label
ERR12411104	(526, 'G', 'T')	ORF1ab:E87D	55	55	1.0	Both
ERR12411104	(4181, 'G', 'T')	ORF1ab:A1306S	20	20	1.0	Both
ERR12411104	(5437, 'G', 'T')	ORF1ab:E1724D	29	43	0.6744186046511628	AY.98.1
ERR12411104	(6402, 'C', 'T')	ORF1ab:P2046L	27	27	1.0	Both
ERR12411104	(7124, 'C', 'T')	ORF1ab:P2287S	13	18	0.7222222222222222	Both
ERR12411104	(9053, 'G', 'T')	ORF1ab:V2930L	73	73	1.0	Both
ERR12411104	(10029, 'C', 'T')	ORF1ab:T3255I	49	54	0.9074074074074074	Both
ERR12411104	(11201, 'A', 'G')	ORF1ab:T3646A	10	15	0.6666666666666666	Both
ERR12411104	(16466, 'C', 'T')	ORF1ab:H5401Y	15	15	1.0	Both
ERR12411104	(19524, 'C', 'T')	ORF1ab:S6420L	23	24	0.9583333333333334	AY.98.1
ERR12411104	(21618, 'C', 'G')	S:T19R	16	18	0.8888888888888888	Both
ERR12411104	(22314, 'C', 'T')	S:P251L	20	21	0.9523809523809523	AY.98.1
ERR12411104	(22917, 'T', 'G')	S:L452R	19	20	0.95	Both
ERR12411104	(22995, 'C', 'A')	S:T478K	17	21	0.8095238095238095	Both
ERR12411104	(23403, 'A', 'G')	S:D614G	18	18	1.0	Both
ERR12411104	(23604, 'C', 'G')	S:P681R	33	49	0.673469387755102	Both
ERR12411104	(25469, 'C', 'T')	ORF3a:S26L	25	25	1.0	Both
ERR12411104	(26767, 'T', 'C')	M:I82T	30	30	1.0	Both
ERR12411104	(27638, 'T', 'C')	ORF7a:V82A	0	0	0	Both
ERR12411104	(27752, 'C', 'T')	ORF7a:T120I	25	26	0.9615384615384616	Both
ERR12411104	(27874, 'C', 'T')	ORF7b:T40I	22	22	1.0	Both
ERR12411104	(28086, 'G', 'T')	ORF8:A65S	53	55	0.9636363636363636	AY.98.1
ERR12411104	(28461, 'A', 'G')	N:D63G	66	69	0.9565217391304348	Both
ERR12411104	(28881, 'G', 'T')	N:R203M	37	37	1.0	Both
ERR12411104	(28916, 'G', 'T')	N:G215C	58	59	0.9830508474576272	Both
ERR12411104	(29402, 'G', 'T')	N:D377Y	42	42	1.0	Both
