name	variant	aa	alt_ad	dp	aaf	mutation_label
ERR12411098	(526, 'G', 'T')	ORF1ab:E87D	62	62	1.0	Both
ERR12411098	(4181, 'G', 'T')	ORF1ab:A1306S	11	11	1.0	Both
ERR12411098	(5437, 'G', 'T')	ORF1ab:E1724D	19	29	0.6551724137931034	AY.98.1
ERR12411098	(6402, 'C', 'T')	ORF1ab:P2046L	16	16	1.0	Both
ERR12411098	(7124, 'C', 'T')	ORF1ab:P2287S	11	14	0.7857142857142857	Both
ERR12411098	(9053, 'G', 'T')	ORF1ab:V2930L	26	27	0.9629629629629629	Both
ERR12411098	(10029, 'C', 'T')	ORF1ab:T3255I	18	24	0.75	Both
ERR12411098	(11201, 'A', 'G')	ORF1ab:T3646A	7	12	0.5833333333333334	Both
ERR12411098	(16466, 'C', 'T')	ORF1ab:H5401Y	5	5	1.0	Both
ERR12411098	(19524, 'C', 'T')	ORF1ab:S6420L	10	10	1.0	AY.98.1
ERR12411098	(21618, 'C', 'G')	S:T19R	0	0	0	Both
ERR12411098	(22314, 'C', 'T')	S:P251L	0	0	0	AY.98.1
ERR12411098	(22917, 'T', 'G')	S:L452R	4	4	1.0	Both
ERR12411098	(22995, 'C', 'A')	S:T478K	9	9	1.0	Both
ERR12411098	(23403, 'A', 'G')	S:D614G	9	9	1.0	Both
ERR12411098	(23604, 'C', 'G')	S:P681R	0	0	0	Both
ERR12411098	(25469, 'C', 'T')	ORF3a:S26L	0	0	0	Both
ERR12411098	(26767, 'T', 'C')	M:I82T	50	50	1.0	Both
ERR12411098	(27638, 'T', 'C')	ORF7a:V82A	0	0	0	Both
ERR12411098	(27752, 'C', 'T')	ORF7a:T120I	20	26	0.7692307692307693	Both
ERR12411098	(27874, 'C', 'T')	ORF7b:T40I	35	37	0.9459459459459459	Both
ERR12411098	(28086, 'G', 'T')	ORF8:A65S	38	40	0.95	AY.98.1
ERR12411098	(28461, 'A', 'G')	N:D63G	113	127	0.889763779527559	Both
ERR12411098	(28881, 'G', 'T')	N:R203M	65	65	1.0	Both
ERR12411098	(28916, 'G', 'T')	N:G215C	55	55	1.0	Both
ERR12411098	(29402, 'G', 'T')	N:D377Y	138	140	0.9857142857142858	Both
